Handle,Title,Body (HTML),Vendor,Type,Tags,Published,Option1 Name,Option1 Value,Variant SKU,Variant Grams,Variant Inventory Tracker,Variant Inventory Qty,Variant Inventory Policy,Variant Fulfillment Service,Variant Price,Variant Requires Shipping,Variant Taxable,Image Src,Image Position,Image Alt Text,Status
ximango-8-osso,"Faca Inox 8"" · cabo osso",<p>Virola de alumínio e topo em acrílico preto.</p>,Corte Nobre,Faca,"aco:inox, modelo:ximango, lamina:8, cabo:osso, facas",TRUE,Title,Default Title,XIMANGO-8-OSSO,260,shopify,1,deny,manual,229.90,TRUE,TRUE,https://facascortenobre.com.br/img/inox-8-osso-v3.webp,1,"Faca Inox 8"" · cabo osso",active
ximango-8-imbuia-ouro,"Faca Inox 8"" · madeira imbuia com folha de ouro",<p>Anel de resina com folha de ouro entre filetes pretos.</p>,Corte Nobre,Faca,"aco:inox, modelo:ximango, lamina:8, cabo:madeira, facas",TRUE,Title,Default Title,XIMANGO-8-IMBUIA-OURO,260,shopify,1,deny,manual,229.90,TRUE,TRUE,https://facascortenobre.com.br/img/inox-8-imbuia-ouro-v3.webp,1,"Faca Inox 8"" · madeira imbuia com folha de ouro",active
ximango-8-imbuia-prata,"Faca Inox 8"" · madeira imbuia com anel claro",<p>Anel de resina clara entre filetes pretos.</p>,Corte Nobre,Faca,"aco:inox, modelo:ximango, lamina:8, cabo:madeira, facas",TRUE,Title,Default Title,XIMANGO-8-IMBUIA-PRATA,260,shopify,1,deny,manual,229.90,TRUE,TRUE,https://facascortenobre.com.br/img/inox-8-imbuia-prata-v3.webp,1,"Faca Inox 8"" · madeira imbuia com anel claro",active
ximango-8-imbuia-turquesa,"Faca Inox 8"" · madeira imbuia com anel turquesa e ouro",<p>Anel de resina com folha de ouro e filete turquesa.</p>,Corte Nobre,Faca,"aco:inox, modelo:ximango, lamina:8, cabo:madeira, facas",TRUE,Title,Default Title,XIMANGO-8-IMBUIA-TURQUESA,260,shopify,1,deny,manual,229.90,TRUE,TRUE,https://facascortenobre.com.br/img/inox-8-imbuia-turquesa.webp,1,"Faca Inox 8"" · madeira imbuia com anel turquesa e ouro",active
fulltang-9-madeira-a,"Fulltang 9"" · cabo madeira",<p>Espiga inteira com talas pinadas em latão.</p>,Corte Nobre,Faca,"aco:carbono, modelo:fulltang, lamina:9, cabo:madeira, facas",TRUE,Title,Default Title,FULLTANG-9-MADEIRA-A,260,shopify,1,deny,manual,199.90,TRUE,TRUE,https://facascortenobre.com.br/img/fulltang-9-f.webp,1,"Fulltang 9"" · cabo madeira",active
fulltang-9-madeira-b,"Fulltang 9"" · cabo madeira",<p>Espiga inteira com talas pinadas em latão.</p>,Corte Nobre,Faca,"aco:carbono, modelo:fulltang, lamina:9, cabo:madeira, facas",TRUE,Title,Default Title,FULLTANG-9-MADEIRA-B,260,shopify,1,deny,manual,199.90,TRUE,TRUE,https://facascortenobre.com.br/img/fulltang-9-g.webp,1,"Fulltang 9"" · cabo madeira",active
fulltang-9-madeira-clara,"Fulltang 9"" · cabo madeira clara","<p>Espiga inteira com talas pinadas, virola de latão.</p>",Corte Nobre,Faca,"aco:carbono, modelo:fulltang, lamina:9, cabo:madeira, facas",TRUE,Title,Default Title,FULLTANG-9-MADEIRA-CLARA,260,shopify,1,deny,manual,199.90,TRUE,TRUE,https://facascortenobre.com.br/img/fulltang-9-h.webp,1,"Fulltang 9"" · cabo madeira clara",active
fulltang-7-madeira-a,"Fulltang 7"" · madeira figurada",<p>Guarda em latão gravado e bainha de couro inclusa.</p>,Corte Nobre,Faca,"aco:inox, modelo:fulltang, lamina:7, cabo:madeira, facas",TRUE,Title,Default Title,FULLTANG-7-MADEIRA-A,260,shopify,1,deny,manual,189.90,TRUE,TRUE,https://facascortenobre.com.br/img/fulltang-7-d.webp,1,"Fulltang 7"" · madeira figurada",active
fulltang-7-madeira-b,"Fulltang 7"" · madeira figurada",<p>Guarda em latão gravado e bainha de couro inclusa.</p>,Corte Nobre,Faca,"aco:inox, modelo:fulltang, lamina:7, cabo:madeira, facas",FALSE,Title,Default Title,FULLTANG-7-MADEIRA-B,260,shopify,1,deny,manual,,TRUE,TRUE,https://facascortenobre.com.br/img/fulltang-7-e.webp,1,"Fulltang 7"" · madeira figurada",draft
fulltang-7-madeira-clara,"Fulltang 7"" · madeira clara com virola",<p>Virola de latão e bainha de couro inclusa.</p>,Corte Nobre,Faca,"aco:inox, modelo:fulltang, lamina:7, cabo:madeira, facas",FALSE,Title,Default Title,FULLTANG-7-MADEIRA-CLARA,260,shopify,1,deny,manual,,TRUE,TRUE,https://facascortenobre.com.br/img/fulltang-7-f.webp,1,"Fulltang 7"" · madeira clara com virola",draft
carbono-9-chifre-a,"Carbono 9"" · cabo chifre",<p>Lâmina forjada com gravação. Cabo em chifre escuro com virola de alumínio.</p>,Corte Nobre,Faca,"aco:carbono, modelo:ximango, lamina:9, cabo:chifre, facas",TRUE,Title,Default Title,CARBONO-9-CHIFRE-A,260,shopify,1,deny,manual,199.90,TRUE,TRUE,https://facascortenobre.com.br/img/carbono-9-b1.webp,1,"Carbono 9"" · cabo chifre",active
carbono-9-chifre-b,"Carbono 9"" · cabo chifre",<p>Lâmina forjada com gravação. Cabo em chifre escuro com virola de alumínio.</p>,Corte Nobre,Faca,"aco:carbono, modelo:ximango, lamina:9, cabo:chifre, facas",TRUE,Title,Default Title,CARBONO-9-CHIFRE-B,260,shopify,1,deny,manual,199.90,TRUE,TRUE,https://facascortenobre.com.br/img/carbono-9-b2.webp,1,"Carbono 9"" · cabo chifre",active
carbono-9-chifre-c,"Carbono 9"" · cabo chifre",<p>Lâmina forjada com gravação. Cabo em chifre escuro com virola de alumínio.</p>,Corte Nobre,Faca,"aco:carbono, modelo:ximango, lamina:9, cabo:chifre, facas",TRUE,Title,Default Title,CARBONO-9-CHIFRE-C,260,shopify,1,deny,manual,199.90,TRUE,TRUE,https://facascortenobre.com.br/img/carbono-9-b3.webp,1,"Carbono 9"" · cabo chifre",active
carbono-bloco-madeira,Faca carbono · cabo bloco de madeira,<p>Cabo em bloco maciço de madeira com virola de alumínio.</p>,Corte Nobre,Faca,"aco:carbono, modelo:ximango, lamina:9, cabo:madeira, facas",TRUE,Title,Default Title,CARBONO-BLOCO-MADEIRA,260,shopify,1,deny,manual,199.90,TRUE,TRUE,https://facascortenobre.com.br/img/carbono-bloco-madeira.webp,1,Faca carbono · cabo bloco de madeira,active
carbono-tatu-chifre-claro-a,Faca carbono · cabo chifre claro,<p>Lâmina forjada com gravação. Cabo em chifre claro com virola de alumínio.</p>,Corte Nobre,Faca,"aco:carbono, modelo:ximango, lamina:9, cabo:chifre, facas",TRUE,Title,Default Title,CARBONO-TATU-CHIFRE-CLARO-A,260,shopify,1,deny,manual,199.90,TRUE,TRUE,https://facascortenobre.com.br/img/carbono-tatu-chifre-claro.webp,1,Faca carbono · cabo chifre claro,active
carbono-tatu-chifre-claro-b,Faca carbono · cabo chifre claro,<p>Lâmina forjada com gravação. Cabo em chifre claro com virola de alumínio.</p>,Corte Nobre,Faca,"aco:carbono, modelo:ximango, lamina:9, cabo:chifre, facas",TRUE,Title,Default Title,CARBONO-TATU-CHIFRE-CLARO-B,260,shopify,1,deny,manual,199.90,TRUE,TRUE,https://facascortenobre.com.br/img/carbono-tatu-chifre-claro-b.webp,1,Faca carbono · cabo chifre claro,active
carbono-gaucho-osso,Faca carbono · cabo osso,<p>Lâmina forjada com gravação de gaúcho laçando. Cabo em osso com espaçador de madeira e virola de latão.</p>,Corte Nobre,Faca,"aco:carbono, modelo:ximango, lamina:9, cabo:osso, facas",TRUE,Title,Default Title,CARBONO-GAUCHO-OSSO,260,shopify,1,deny,manual,199.90,TRUE,TRUE,https://facascortenobre.com.br/img/carbono-gaucho-osso.webp,1,Faca carbono · cabo osso,active
carbono-osso-queimado,Faca carbono · cabo osso queimado,<p>Cabo em osso com queima decorativa e virola de alumínio.</p>,Corte Nobre,Faca,"aco:carbono, modelo:ximango, lamina:9, cabo:osso, facas",TRUE,Title,Default Title,CARBONO-OSSO-QUEIMADO,260,shopify,1,deny,manual,199.90,TRUE,TRUE,https://facascortenobre.com.br/img/carbono-osso-queimado.webp,1,Faca carbono · cabo osso queimado,active
carbono-chama-chifre,Faca carbono · cabo chifre,<p>Lâmina com gravação vazada em formato de chama. Cabo em chifre com espaçador de madeira.</p>,Corte Nobre,Faca,"aco:carbono, modelo:ximango, lamina:9, cabo:chifre, facas",TRUE,Title,Default Title,CARBONO-CHAMA-CHIFRE,260,shopify,1,deny,manual,199.90,TRUE,TRUE,https://facascortenobre.com.br/img/carbono-chama-chifre.webp,1,Faca carbono · cabo chifre,active
carbono-chama-osso-claro,Faca carbono · cabo osso claro,<p>Lâmina com gravação vazada em formato de chama. Cabo em osso claro com espaçador de madeira.</p>,Corte Nobre,Faca,"aco:carbono, modelo:ximango, lamina:9, cabo:osso, facas",TRUE,Title,Default Title,CARBONO-CHAMA-OSSO-CLARO,260,shopify,1,deny,manual,199.90,TRUE,TRUE,https://facascortenobre.com.br/img/carbono-chama-osso-claro.webp,1,Faca carbono · cabo osso claro,active
carbono-madeira-notch-a,"Faca carbono · cabo madeira, lâmina entalhada",<p>Lâmina com acabamento de forja e lombo entalhado. Virola de alumínio.</p>,Corte Nobre,Faca,"aco:carbono, modelo:ximango, lamina:9, cabo:madeira, facas",TRUE,Title,Default Title,CARBONO-MADEIRA-NOTCH-A,260,shopify,1,deny,manual,199.90,TRUE,TRUE,https://facascortenobre.com.br/img/carbono-madeira-notch-a.webp,1,"Faca carbono · cabo madeira, lâmina entalhada",active
carbono-madeira-notch-b,"Faca carbono · cabo madeira, lâmina entalhada",<p>Lâmina com acabamento de forja e lombo entalhado. Virola de alumínio.</p>,Corte Nobre,Faca,"aco:carbono, modelo:ximango, lamina:9, cabo:madeira, facas",TRUE,Title,Default Title,CARBONO-MADEIRA-NOTCH-B,260,shopify,1,deny,manual,199.90,TRUE,TRUE,https://facascortenobre.com.br/img/carbono-madeira-notch-b.webp,1,"Faca carbono · cabo madeira, lâmina entalhada",active
carbono-osso-claro,Faca carbono · cabo osso claro,<p>Lâmina com acabamento de forja e lombo entalhado. Virola de alumínio.</p>,Corte Nobre,Faca,"aco:carbono, modelo:ximango, lamina:9, cabo:osso, facas",TRUE,Title,Default Title,CARBONO-OSSO-CLARO,260,shopify,1,deny,manual,199.90,TRUE,TRUE,https://facascortenobre.com.br/img/carbono-osso-claro.webp,1,Faca carbono · cabo osso claro,active
carbono-ram-chifre,Faca carbono · cabo chifre,<p>Lâmina com gravação vazada da marca RAM. Cabo em chifre com espaçador de madeira.</p>,Corte Nobre,Faca,"aco:carbono, modelo:ximango, lamina:9, cabo:chifre, facas",TRUE,Title,Default Title,CARBONO-RAM-CHIFRE,260,shopify,1,deny,manual,199.90,TRUE,TRUE,https://facascortenobre.com.br/img/carbono-ram-chifre.webp,1,Faca carbono · cabo chifre,active
